<?xml version="1.0" encoding="UTF-8"?>
<jcr:root xmlns:sling="http://sling.apache.org/jcr/sling/1.0" xmlns:cq="http://www.day.com/jcr/cq/1.0" xmlns:jcr="http://www.jcp.org/jcr/1.0" xmlns:nt="http://www.jcp.org/jcr/nt/1.0"
    jcr:primaryType="nt:unstructured"
    cq:rewriteRanking="4">
    <patterns jcr:primaryType="nt:unstructured">
        <panel/>
        <panel1/>
        <panel2/>
    </patterns>
    <replacement jcr:primaryType="nt:unstructured">
        <fixedcolumns
            jcr:primaryType="nt:unstructured"
            jcr:title="${./title}"
            sling:resourceType="granite/ui/components/coral/foundation/fixedcolumns"
            cq:rewriteFinal="{Boolean}true">
            <items
                jcr:primaryType="nt:unstructured"
                cq:rewriteFinal="{Boolean}true">
                <column
                    jcr:primaryType="nt:unstructured"
                    sling:resourceType="granite/ui/components/foundation/container"
                    cq:rewriteFinal="{Boolean}true">
                    <items
                        cq:rewriteMapChildren="./items"
                        jcr:primaryType="nt:unstructured"
                        cq:rewriteFinal="{Boolean}true"/>
                </column>
            </items>
        </fixedcolumns>
    </replacement>
</jcr:root>
