<?xml version="1.0" encoding="UTF-8"?>
<jcr:root xmlns:cq="http://www.day.com/jcr/cq/1.0" xmlns:jcr="http://www.jcp.org/jcr/1.0" xmlns:nt="http://www.jcp.org/jcr/nt/1.0"
    jcr:primaryType="cq:Dialog"
    xtype="dialog">
    <items
        jcr:primaryType="cq:Widget"
        xtype="tabpanel">
        <items jcr:primaryType="cq:WidgetCollection">
            <tab1
                jcr:primaryType="cq:Panel"
                title="Tab 1">
                <items jcr:primaryType="cq:WidgetCollection">
                    <text
                        jcr:primaryType="cq:Widget"
                        fieldLabel="TEXT"
                        name="./text"
                        xtype="textfield"/>
                    <image
                        jcr:primaryType="cq:Widget"
                        fieldLabel="image"
                        name="./image"
                        xtype="pathfield"/>
                    <multi
                        jcr:primaryType="cq:Widget"
                        fieldLabel="multi"
                        name="./multifield"
                        xtype="multifield">
                        <fieldConfig
                            jcr:primaryType="cq:Widget"
                            xtype="pathfield"/>
                    </multi>
                    <rte
                        jcr:primaryType="cq:Widget"
                        fieldLabel="Rte"
                        name="./rte"
                        xtype="richtext"/>
                    <dropdown
                        jcr:primaryType="cq:Widget"
                        fieldLabel="Drop"
                        name="./drop"
                        type="select"
                        xtype="selection">
                        <options jcr:primaryType="cq:WidgetCollection">
                            <one
                                jcr:primaryType="nt:unstructured"
                                text="CLASSIC"
                                value="classic"/>
                            <two
                                jcr:primaryType="nt:unstructured"
                                text="TOUCH"
                                value="touch"/>
                        </options>
                    </dropdown>
                    <checkbox
                        jcr:primaryType="cq:Widget"
                        defaultChecked="{Boolean}false"
                        fieldLabel="Checkbox"
                        name="./checkbox"
                        type="checkbox"
                        xtype="selection"/>
                </items>
            </tab1>
        </items>
    </items>
</jcr:root>
