<?xml version="1.0" encoding="UTF-8"?>
<jcr:root xmlns:sling="http://sling.apache.org/jcr/sling/1.0" xmlns:granite="http://www.adobe.com/jcr/granite/1.0" xmlns:cq="http://www.day.com/jcr/cq/1.0" xmlns:jcr="http://www.jcp.org/jcr/1.0" xmlns:nt="http://www.jcp.org/jcr/nt/1.0"
    jcr:primaryType="cq:Page">
    <jcr:content
        jcr:mixinTypes="[]"
        jcr:primaryType="nt:unstructured"
        jcr:title="Dialog Conversion Tool"
        sling:resourceType="granite/ui/components/shell/page"
        consoleId="cq-dialogconversion">
        <head jcr:primaryType="nt:unstructured">
            <clientlibs
                jcr:primaryType="nt:unstructured"
                sling:resourceType="granite/ui/components/coral/foundation/includeclientlibs"
                categories="[granite.shared,coralui3,granite.ui.coral.foundation,granite.ui.coral.foundation.admin,cq.dialogconversion]"/>
        </head>
        <title
            jcr:primaryType="nt:unstructured"
            sling:resourceType="granite/ui/components/coral/foundation/text"
            text="Dialog Conversion Tool"/>
        <actions jcr:primaryType="nt:unstructured">
            <secondary jcr:primaryType="nt:unstructured">
                <convert
                    granite:class="cq-DialogConverter-convertDialogs js-cq-DialogConverter-convertDialogs"
                    jcr:primaryType="nt:unstructured"
                    sling:resourceType="granite/ui/components/coral/foundation/collection/action"
                    activeSelectionCount="multiple"
                    target=".cq-dialogconversion-dialogs"
                    text="Convert dialog(s)"
                    variant="primary">
                </convert>
                <back
                    granite:class="js-cq-DialogConverter-back"
                    granite:hidden="{Boolean}true"
                    jcr:primaryType="nt:unstructured"
                    sling:resourceType="granite/ui/components/coral/foundation/button"
                    text="Back">
                </back>
            </secondary>
        </actions>
        <content
            granite:class="js-cq-DialogConverter-container"
            jcr:primaryType="nt:unstructured"
            sling:resourceType="granite/ui/components/coral/foundation/container">
            <items jcr:primaryType="nt:unstructured">
                <dialogSearch
                    granite:class="js-cq-DialogConverter-dialogSearch"
                    jcr:primaryType="nt:unstructured"
                    sling:resourceType="granite/ui/components/coral/foundation/container">
                    <items jcr:primaryType="nt:unstructured">
                        <actionbar
                            jcr:primaryType="nt:unstructured"
                            sling:resourceType="granite/ui/components/coral/foundation/actionbar">
                            <primary jcr:primaryType="nt:unstructured">
                                <pathField
                                    granite:class="js-cq-DialogConverter-searchPath cq-DialogConverter-searchPath"
                                    jcr:primaryType="nt:unstructured"
                                    sling:resourceType="granite/ui/components/coral/foundation/form/pathfield"
                                    emptyText="Enter a path, e.g. /apps/weretail/components"
                                    value="${empty param.path ? &quot;&quot; : param.path}"/>
                                <showButton
                                    granite:class="js-cq-DialogConverter-showDialogs"
                                    jcr:primaryType="nt:unstructured"
                                    sling:resourceType="granite/ui/components/coral/foundation/button"
                                    text="Show dialogs"/>
                                <showConverted
                                    granite:class="js-cq-DialogConverter-showConvertedDialogRows"
                                    jcr:primaryType="nt:unstructured"
                                    sling:resourceType="granite/ui/components/coral/foundation/form/checkbox"
                                    text="Show converted dialogs"/>
                            </primary>
                            <secondary jcr:primaryType="nt:unstructured">
                                <text
                                    granite:class="js-cq-DialogConverter-infoText cq-DialogConverter-infoText"
                                    jcr:primaryType="nt:unstructured"
                                    sling:resourceType="granite/ui/components/coral/foundation/text"
                                    text=""/>
                            </secondary>
                        </actionbar>
                        <dialogs
                            granite:class="js-cq-DialogConverter-dialogs"
                            granite:rel="cq-dialogconversion-dialogs"
                            jcr:primaryType="nt:unstructured"
                            sling:resourceType="granite/ui/components/coral/foundation/table"
                            itemResourceType="cq/dialogconversion/components/dialogs/item"
                            orderable="{Boolean}false"
                            path="${param.path}"
                            selectionMode="row">
                            <columns jcr:primaryType="nt:unstructured">
                                <select
                                    jcr:primaryType="nt:unstructured"
                                    fixedWidth="{Boolean}true"
                                    select="{Boolean}true"/>
                                <dialogPath
                                    jcr:primaryType="nt:unstructured"
                                    jcr:title="Dialog path"
                                    sortable="{Boolean}true"/>
                                <type
                                    jcr:primaryType="nt:unstructured"
                                    jcr:title="Type"
                                    alignment="center"
                                    sortable="{Boolean}true"/>
                                <links
                                    jcr:primaryType="nt:unstructured"
                                    jcr:title="Links"
                                    alignment="center"/>
                                <convertedLinks
                                    jcr:primaryType="nt:unstructured"
                                    jcr:title="Converted dialog"
                                    alignment="center"
                                    sortable="{Boolean}true"/>
                            </columns>
                            <datasource
                                jcr:primaryType="nt:unstructured"
                                sling:resourceType="cq/dialogconversion/components/dialogs/datasource"/>
                        </dialogs>
                    </items>
                </dialogSearch>
                <convertedDialogs
                    granite:class="js-cq-DialogConverter-convertedDialogs"
                    granite:hidden="{Boolean}true"
                    jcr:primaryType="nt:unstructured"
                    sling:resourceType="granite/ui/components/coral/foundation/table"
                    orderable="{Boolean}false">
                    <columns jcr:primaryType="nt:unstructured">
                        <dialogPath
                            jcr:primaryType="nt:unstructured"
                            jcr:title="Dialog path"
                            sortable="{Boolean}true"/>
                        <conversion
                            jcr:primaryType="nt:unstructured"
                            jcr:title="Conversion result"/>
                        <message
                            jcr:primaryType="nt:unstructured"
                            jcr:title="Message"
                            sortable="{Boolean}true"/>
                    </columns>
                </convertedDialogs>
            </items>
        </content>
    </jcr:content>
</jcr:root>
