<?xml version="1.0" encoding="UTF-8"?>
<jcr:root xmlns:sling="http://sling.apache.org/jcr/sling/1.0" xmlns:jcr="http://www.jcp.org/jcr/1.0"
    jcr:primaryType="sling:OrderedFolder">
    <actionfield/>
    <autocomplete/>
    <button/>
    <checkbox/>
    <colorpicker/>
    <container/>
    <datepicker/>
    <fieldset/>
    <fileupload/>
    <fixedcolumns/>
    <heading/>
    <hidden/>
    <hyperlink/>
    <include/>
    <numberfield/>
    <password/>
    <pathbrowser/>
    <radio/>
    <radiogroup/>
    <reset/>
    <select/>
    <submit/>
    <switch/>
    <tabs/>
    <tags/>
    <text/>
    <textarea/>
    <textfield/>
    <userpicker/>
    <well/>
</jcr:root>
